"Dataset","#TrainingRelease","%Training","%DefectiveInTraining","%DefectiveInTesting","Classifier","Balancing","Feature Selection","TruePositive","FalsePositive","TrueNegative","FalseNegative","Precision","Recall","AUC","Kappa"
"BOOK","2","28.57142857142857","0.027410207939508508","0.035916824196597356","Random Forest","No Sampling","No Selection","0.5789473684210527","0.006866110838646395","0.9931338891613536","0.42105263157894735","0.7586206896551724","0.5789473684210527","0.9946245579618492","0.6456950989460801"
"BOOK","2","28.57142857142857","0.027410207939508508","0.035916824196597356","Random Forest","No Sampling","Best First","0.6052631578947368","0.005640019617459539","0.9943599803825405","0.39473684210526316","0.8","0.6052631578947368","0.9876213184997806","0.6792087349810408"
"BOOK","2","28.57142857142857","0.027410207939508508","0.035916824196597356","Random Forest","Oversampling","No Selection","0.881578947368421","0.04070622854340363","0.9592937714565963","0.11842105263157894","0.44666666666666666","0.881578947368421","0.9734196329470071","0.5725301522441183"
"BOOK","2","28.57142857142857","0.027410207939508508","0.035916824196597356","Random Forest","Oversampling","Best First","0.7697368421052632","0.022805296714075527","0.9771947032859245","0.23026315789473684","0.5571428571428572","0.7697368421052632","0.9573021798611291","0.6310258821605259"
"BOOK","2","28.57142857142857","0.027410207939508508","0.035916824196597356","Random Forest","Undersampling","No Selection","0.9473684210526315","0.0622854340362923","0.9377145659637077","0.05263157894736842","0.36180904522613067","0.9473684210526315","0.9675118091943935","0.49750352299787637"
"BOOK","2","28.57142857142857","0.027410207939508508","0.035916824196597356","Random Forest","Undersampling","Best First","0.8026315789473685","0.03359489946051986","0.9664051005394801","0.19736842105263158","0.47104247104247104","0.8026315789473685","0.9406555716166335","0.5743989916821003"
"BOOK","2","28.57142857142857","0.027410207939508508","0.035916824196597356","Random Forest","SMOTE","No Selection","0.6578947368421053","0.006866110838646395","0.9931338891613536","0.34210526315789475","0.78125","0.6578947368421053","0.9955279935985132","0.7045800567094543"
"BOOK","2","28.57142857142857","0.027410207939508508","0.035916824196597356","Random Forest","SMOTE","Best First","0.6447368421052632","0.005640019617459539","0.9943599803825405","0.35526315789473684","0.8099173553719008","0.6447368421052632","0.9883900454299063","0.7086688264642592"
"BOOK","2","28.57142857142857","0.027410207939508508","0.035916824196597356","Naive Bayes","No Sampling","No Selection","0.9736842105263158","0.029916625796959292","0.9700833742030407","0.02631578947368421","0.5481481481481482","0.9736842105263158","0.9869034098242172","0.6870309692421517"
"BOOK","2","28.57142857142857","0.027410207939508508","0.035916824196597356","Naive Bayes","No Sampling","Best First","0.9671052631578947","0.024276606179499755","0.9757233938205002","0.03289473684210526","0.5975609756097561","0.9671052631578947","0.9836913734802922","0.726546474418743"
"BOOK","2","28.57142857142857","0.027410207939508508","0.035916824196597356","Naive Bayes","Oversampling","No Selection","0.9736842105263158","0.03138793526238352","0.9686120647376165","0.02631578947368421","0.5362318840579711","0.9736842105263158","0.9869776206086575","0.6766010091883398"
"BOOK","2","28.57142857142857","0.027410207939508508","0.035916824196597356","Naive Bayes","Oversampling","Best First","0.9671052631578947","0.02501226091221187","0.9749877390877881","0.03289473684210526","0.5903614457831325","0.9671052631578947","0.9868437185410806","0.7207031756198883"
"BOOK","2","28.57142857142857","0.027410207939508508","0.035916824196597356","Naive Bayes","Undersampling","No Selection","0.9736842105263158","0.03138793526238352","0.9686120647376165","0.02631578947368421","0.5362318840579711","0.9736842105263158","0.9858870447329703","0.6766010091883398"
"BOOK","2","28.57142857142857","0.027410207939508508","0.035916824196597356","Naive Bayes","Undersampling","Best First","0.9671052631578947","0.02501226091221187","0.9749877390877881","0.03289473684210526","0.5903614457831325","0.9671052631578947","0.9863339227175344","0.7207031756198883"
"BOOK","2","28.57142857142857","0.027410207939508508","0.035916824196597356","Naive Bayes","SMOTE","No Selection","0.9736842105263158","0.028445316331535065","0.971554683668465","0.02631578947368421","0.5606060606060606","0.9736842105263158","0.9874680570971323","0.6977535154910249"
"BOOK","2","28.57142857142857","0.027410207939508508","0.035916824196597356","Naive Bayes","SMOTE","Best First","0.9671052631578947","0.023540951446787643","0.9764590485532123","0.03289473684210526","0.6049382716049383","0.9671052631578947","0.986881630572262","0.7324759639769617"
"BOOK","2","28.57142857142857","0.027410207939508508","0.035916824196597356","IBK","No Sampling","No Selection","0.5657894736842105","0.006866110838646395","0.9931338891613536","0.4342105263157895","0.7543859649122807","0.5657894736842105","0.779461681422782","0.6353862913608496"
"BOOK","2","28.57142857142857","0.027410207939508508","0.035916824196597356","IBK","No Sampling","Best First","0.5986842105263158","0.006866110838646395","0.9931338891613536","0.40131578947368424","0.7647058823529411","0.5986842105263158","0.7036989236209701","0.6608848862410086"
"BOOK","2","28.57142857142857","0.027410207939508508","0.035916824196597356","IBK","Oversampling","No Selection","0.7631578947368421","0.024031387935262383","0.9759686120647376","0.23684210526315788","0.5420560747663551","0.7631578947368421","0.8723380914276865","0.617820222719071"
"BOOK","2","28.57142857142857","0.027410207939508508","0.035916824196597356","IBK","Oversampling","Best First","0.6973684210526315","0.01544874938695439","0.9845512506130456","0.3026315789473684","0.6272189349112426","0.6973684210526315","0.788383108334839","0.6470828670584652"
"BOOK","2","28.57142857142857","0.027410207939508508","0.035916824196597356","IBK","Undersampling","No Selection","0.8421052631578947","0.06866110838646396","0.931338891613536","0.15789473684210525","0.3137254901960784","0.8421052631578947","0.890400351049276","0.4271479279818674"
"BOOK","2","28.57142857142857","0.027410207939508508","0.035916824196597356","IBK","Undersampling","Best First","0.7368421052631579","0.03776360961255518","0.9622363903874448","0.2631578947368421","0.42105263157894735","0.7368421052631579","0.789483363878062","0.5136421071597063"
"BOOK","2","28.57142857142857","0.027410207939508508","0.035916824196597356","IBK","SMOTE","No Selection","0.5921052631578947","0.006866110838646395","0.9931338891613536","0.40789473684210525","0.7627118644067796","0.5921052631578947","0.7926195761596242","0.6558575628170682"
"BOOK","2","28.57142857142857","0.027410207939508508","0.035916824196597356","IBK","SMOTE","Best First","0.6118421052631579","0.006866110838646395","0.9931338891613536","0.3881578947368421","0.768595041322314","0.6118421052631579","0.756878210423066","0.6708336091219551"
"BOOK","3","42.857142857142854","0.03167099976364925","0.007561436672967864","Random Forest","No Sampling","No Selection","0.875","0.03858980466888995","0.96141019533111","0.125","0.14736842105263157","0.875","0.9820450214387804","0.24244255043694218"
"BOOK","3","42.857142857142854","0.03167099976364925","0.007561436672967864","Random Forest","No Sampling","Best First","0.875","0.05026202953787518","0.9497379704621248","0.125","0.11715481171548117","0.875","0.98050038708909","0.195912766548132"
"BOOK","3","42.857142857142854","0.03167099976364925","0.007561436672967864","Random Forest","Oversampling","No Selection","1.0","0.07908527870414483","0.9209147212958552","0.0","0.08791208791208792","1.0","0.9805711052882324","0.1497919824868144"
"BOOK","3","42.857142857142854","0.03167099976364925","0.007561436672967864","Random Forest","Oversampling","Best First","0.96875","0.07122439256788947","0.9287756074321105","0.03125","0.09393939393939393","0.96875","0.9804668889947594","0.1596805594183318"
"BOOK","3","42.857142857142854","0.03167099976364925","0.007561436672967864","Random Forest","Undersampling","No Selection","1.0","0.09242496426869938","0.9075750357313006","0.0","0.0761904761904762","1.0","0.9837124821343497","0.1293526004201408"
"BOOK","3","42.857142857142854","0.03167099976364925","0.007561436672967864","Random Forest","Undersampling","Best First","0.96875","0.07789423535016675","0.9221057646498333","0.03125","0.08659217877094973","0.96875","0.9812671212482135","0.1471291895440585"
"BOOK","3","42.857142857142854","0.03167099976364925","0.007561436672967864","Random Forest","SMOTE","No Selection","0.875","0.04621248213434969","0.9537875178656503","0.125","0.12612612612612611","0.875","0.9868687470223916","0.2100259193444336"
"BOOK","3","42.857142857142854","0.03167099976364925","0.007561436672967864","Random Forest","SMOTE","Best First","0.90625","0.05669366364935684","0.9433063363506432","0.09375","0.10861423220973783","0.90625","0.9825251607908528","0.18294084550390255"
"BOOK","3","42.857142857142854","0.03167099976364925","0.007561436672967864","Naive Bayes","No Sampling","No Selection","0.9375","0.07384468794664126","0.9261553120533588","0.0625","0.08823529411764706","0.9375","0.9641198189614102","0.14952957855393753"
"BOOK","3","42.857142857142854","0.03167099976364925","0.007561436672967864","Naive Bayes","No Sampling","Best First","0.96875","0.07503573130061934","0.9249642686993806","0.03125","0.08959537572254335","0.96875","0.9661557586946165","0.15228095454326412"
"BOOK","3","42.857142857142854","0.03167099976364925","0.007561436672967864","Naive Bayes","Oversampling","No Selection","1.0","0.0786088613625536","0.9213911386374464","0.0","0.08839779005524862","1.0","0.9636731777036684","0.15062928518752"
"BOOK","3","42.857142857142854","0.03167099976364925","0.007561436672967864","Naive Bayes","Oversampling","Best First","1.0","0.07741781800857551","0.9225821819914245","0.0","0.0896358543417367","1.0","0.9659175500238208","0.1527601622559041"
"BOOK","3","42.857142857142854","0.03167099976364925","0.007561436672967864","Naive Bayes","Undersampling","No Selection","1.0","0.08099094807050977","0.9190090519294902","0.0","0.08602150537634409","1.0","0.9597427346355407","0.14652557218748613"
"BOOK","3","42.857142857142854","0.03167099976364925","0.007561436672967864","Naive Bayes","Undersampling","Best First","1.0","0.0786088613625536","0.9213911386374464","0.0","0.08839779005524862","1.0","0.9640230466888995","0.15062928518752"
"BOOK","3","42.857142857142854","0.03167099976364925","0.007561436672967864","Naive Bayes","SMOTE","No Selection","1.0","0.07956169604573607","0.920438303954264","0.0","0.08743169398907104","1.0","0.9638964983325393","0.1489630845073479"
"BOOK","3","42.857142857142854","0.03167099976364925","0.007561436672967864","Naive Bayes","SMOTE","Best First","1.0","0.07789423535016675","0.9221057646498333","0.0","0.08913649025069638","1.0","0.9660589864221057","0.15190127986442398"
"BOOK","3","42.857142857142854","0.03167099976364925","0.007561436672967864","IBK","No Sampling","No Selection","0.875","0.03049070986183897","0.969509290138161","0.125","0.1794871794871795","0.875","0.9222546450690805","0.28894526116323743"
"BOOK","3","42.857142857142854","0.03167099976364925","0.007561436672967864","IBK","No Sampling","Best First","0.90625","0.04859456884230586","0.9514054311576942","0.09375","0.12446351931330472","0.90625","0.90020173296808","0.20833642243756503"
"BOOK","3","42.857142857142854","0.03167099976364925","0.007561436672967864","IBK","Oversampling","No Selection","0.875","0.0533587422582182","0.9466412577417818","0.125","0.1111111111111111","0.875","0.9199618866126728","0.18625842901403397"
"BOOK","3","42.857142857142854","0.03167099976364925","0.007561436672967864","IBK","Oversampling","Best First","0.90625","0.06002858504049548","0.9399714149595045","0.09375","0.10320284697508897","0.90625","0.9266428954263936","0.17408495826205964"
"BOOK","3","42.857142857142854","0.03167099976364925","0.007561436672967864","IBK","Undersampling","No Selection","1.0","0.1010004764173416","0.8989995235826584","0.0","0.07017543859649122","1.0","0.9494997617913292","0.11868764299360794"
"BOOK","3","42.857142857142854","0.03167099976364925","0.007561436672967864","IBK","Undersampling","Best First","0.96875","0.08384945212005716","0.9161505478799429","0.03125","0.08093994778067885","0.96875","0.9317346057646498","0.13735211775349548"
"BOOK","3","42.857142857142854","0.03167099976364925","0.007561436672967864","IBK","SMOTE","No Selection","0.875","0.03239637922820391","0.9676036207717961","0.125","0.17073170731707318","0.875","0.9213018103858981","0.27655561310751203"
"BOOK","3","42.857142857142854","0.03167099976364925","0.007561436672967864","IBK","SMOTE","Best First","0.90625","0.04954740352548833","0.9504525964745116","0.09375","0.12236286919831224","0.90625","0.9028592484516437","0.20501611291331076"
"BOOK","4","57.14285714285714","0.02363693665300977","0.07088846880907372","Random Forest","No Sampling","No Selection","0.10666666666666667","0.0","1.0","0.8933333333333333","1.0","0.10666666666666667","0.9886480067854113","0.1815819111149621"
"BOOK","4","57.14285714285714","0.02363693665300977","0.07088846880907372","Random Forest","No Sampling","Best First","0.11666666666666667","0.002035623409669211","0.9979643765903308","0.8833333333333333","0.813953488372093","0.11666666666666667","0.9375627650551315","0.18967223122750151"
"BOOK","4","57.14285714285714","0.02363693665300977","0.07088846880907372","Random Forest","Oversampling","No Selection","0.6133333333333333","0.020865139949109414","0.9791348600508906","0.38666666666666666","0.6917293233082706","0.6133333333333333","0.9414893977947413","0.6251913111188685"
"BOOK","4","57.14285714285714","0.02363693665300977","0.07088846880907372","Random Forest","Oversampling","Best First","0.3566666666666667","0.011959287531806615","0.9880407124681934","0.6433333333333333","0.6948051948051948","0.3566666666666667","0.8382370653095844","0.4446450257655827"
"BOOK","4","57.14285714285714","0.02363693665300977","0.07088846880907372","Random Forest","Undersampling","No Selection","0.8933333333333333","0.029516539440203562","0.9704834605597964","0.10666666666666667","0.6979166666666666","0.8933333333333333","0.9798456318914334","0.7649046910909825"
"BOOK","4","57.14285714285714","0.02363693665300977","0.07088846880907372","Random Forest","Undersampling","Best First","0.49666666666666665","0.01628498727735369","0.9837150127226463","0.5033333333333333","0.6995305164319249","0.49666666666666665","0.8276959287531807","0.5546692521263935"
"BOOK","4","57.14285714285714","0.02363693665300977","0.07088846880907372","Random Forest","SMOTE","No Selection","0.10666666666666667","0.0","1.0","0.8933333333333333","1.0","0.10666666666666667","0.9829279050042409","0.1815819111149621"
"BOOK","4","57.14285714285714","0.02363693665300977","0.07088846880907372","Random Forest","SMOTE","Best First","0.11666666666666667","0.0015267175572519084","0.9984732824427481","0.8833333333333333","0.8536585365853658","0.11666666666666667","0.9363214588634436","0.1914898118956434"
"BOOK","4","57.14285714285714","0.02363693665300977","0.07088846880907372","Naive Bayes","No Sampling","No Selection","0.7666666666666667","0.015776081424936386","0.9842239185750636","0.23333333333333334","0.7876712328767124","0.7666666666666667","0.9878727735368956","0.76025350370981"
"BOOK","4","57.14285714285714","0.02363693665300977","0.07088846880907372","Naive Bayes","No Sampling","Best First","0.6966666666666667","0.013231552162849873","0.9867684478371501","0.30333333333333334","0.8007662835249042","0.6966666666666667","0.9440335029686174","0.727088155276729"
"BOOK","4","57.14285714285714","0.02363693665300977","0.07088846880907372","Naive Bayes","Oversampling","No Selection","0.8","0.017811704834605598","0.9821882951653944","0.2","0.7741935483870968","0.8","0.9888346055979643","0.7703295326400197"
"BOOK","4","57.14285714285714","0.02363693665300977","0.07088846880907372","Naive Bayes","Oversampling","Best First","0.7133333333333334","0.014249363867684479","0.9857506361323155","0.2866666666666667","0.7925925925925926","0.7133333333333334","0.9750831212892281","0.7329331732693072"
"BOOK","4","57.14285714285714","0.02363693665300977","0.07088846880907372","Naive Bayes","Undersampling","No Selection","0.7666666666666667","0.015267175572519083","0.9847328244274809","0.23333333333333334","0.7931034482758621","0.7666666666666667","0.9877251908396947","0.7631476935004519"
"BOOK","4","57.14285714285714","0.02363693665300977","0.07088846880907372","Naive Bayes","Undersampling","Best First","0.6966666666666667","0.012977099236641221","0.9870229007633587","0.30333333333333334","0.8038461538461539","0.6966666666666667","0.9487896522476675","0.7285520607375268"
"BOOK","4","57.14285714285714","0.02363693665300977","0.07088846880907372","Naive Bayes","SMOTE","No Selection","0.7666666666666667","0.015776081424936386","0.9842239185750636","0.23333333333333334","0.7876712328767124","0.7666666666666667","0.9873740458015268","0.76025350370981"
"BOOK","4","57.14285714285714","0.02363693665300977","0.07088846880907372","Naive Bayes","SMOTE","Best First","0.6966666666666667","0.013231552162849873","0.9867684478371501","0.30333333333333334","0.8007662835249042","0.6966666666666667","0.9438083121289228","0.727088155276729"
"BOOK","4","57.14285714285714","0.02363693665300977","0.07088846880907372","IBK","No Sampling","No Selection","0.10666666666666667","0.0","1.0","0.8933333333333333","1.0","0.10666666666666667","0.5533333333333333","0.1815819111149621"
"BOOK","4","57.14285714285714","0.02363693665300977","0.07088846880907372","IBK","No Sampling","Best First","0.17","0.0027989821882951653","0.9972010178117048","0.83","0.8225806451612904","0.17","0.39454877014419","0.26388498453877357"
"BOOK","4","57.14285714285714","0.02363693665300977","0.07088846880907372","IBK","Oversampling","No Selection","0.3466666666666667","0.010178117048346057","0.989821882951654","0.6533333333333333","0.7222222222222222","0.3466666666666667","0.7048193384223919","0.44283705043198734"
"BOOK","4","57.14285714285714","0.02363693665300977","0.07088846880907372","IBK","Oversampling","Best First","0.29","0.007888040712468193","0.9921119592875318","0.71","0.7372881355932204","0.29","0.5677480916030534","0.3919191205062045"
"BOOK","4","57.14285714285714","0.02363693665300977","0.07088846880907372","IBK","Undersampling","No Selection","0.6333333333333333","0.017302798982188294","0.9826972010178117","0.36666666666666664","0.7364341085271318","0.6333333333333333","0.824715860899067","0.6586142169264675"
"BOOK","4","57.14285714285714","0.02363693665300977","0.07088846880907372","IBK","Undersampling","Best First","0.43333333333333335","0.011450381679389313","0.9885496183206107","0.5666666666666667","0.7428571428571429","0.43333333333333335","0.5893558100084818","0.5224103977944072"
"BOOK","4","57.14285714285714","0.02363693665300977","0.07088846880907372","IBK","SMOTE","No Selection","0.10666666666666667","0.0","1.0","0.8933333333333333","1.0","0.10666666666666667","0.5533333333333333","0.1815819111149621"
"BOOK","4","57.14285714285714","0.02363693665300977","0.07088846880907372","IBK","SMOTE","Best First","0.17","0.0027989821882951653","0.9972010178117048","0.83","0.8225806451612904","0.17","0.4796526717557252","0.26388498453877357"
"BOOK","5","71.42857142857143","0.035456801796477956","0.011342155009451797","Random Forest","No Sampling","No Selection","0.875","0.06169296987087518","0.9383070301291249","0.125","0.14","0.875","0.9707476486529572","0.22624095784484888"
"BOOK","5","71.42857142857143","0.035456801796477956","0.011342155009451797","Random Forest","No Sampling","Best First","0.875","0.06575801052128169","0.9342419894787183","0.125","0.13249211356466878","0.875","0.9251130838514268","0.21465750655096189"
"BOOK","5","71.42857142857143","0.035456801796477956","0.011342155009451797","Random Forest","Oversampling","No Selection","0.9166666666666666","0.07651841224294596","0.923481587757054","0.08333333333333333","0.12087912087912088","0.9166666666666666","0.9669416547106647","0.19750137017102518"
"BOOK","5","71.42857142857143","0.035456801796477956","0.011342155009451797","Random Forest","Oversampling","Best First","0.8958333333333334","0.07293161166905787","0.9270683883309422","0.10416666666666667","0.1235632183908046","0.8958333333333334","0.9165894508209788","0.20124117363273514"
"BOOK","5","71.42857142857143","0.035456801796477956","0.011342155009451797","Random Forest","Undersampling","No Selection","0.9583333333333334","0.08369201339072214","0.9163079866092778","0.041666666666666664","0.11616161616161616","0.9583333333333334","0.9697114618205006","0.19082834448487665"
"BOOK","5","71.42857142857143","0.035456801796477956","0.011342155009451797","Random Forest","Undersampling","Best First","0.9166666666666666","0.07651841224294596","0.923481587757054","0.08333333333333333","0.12087912087912088","0.9166666666666666","0.9187166228279929","0.19750137017102518"
"BOOK","5","71.42857142857143","0.035456801796477956","0.011342155009451797","Random Forest","SMOTE","No Selection","0.875","0.06217120994739359","0.9378287900526064","0.125","0.1390728476821192","0.875","0.9604256336681014","0.22481998032391132"
"BOOK","5","71.42857142857143","0.035456801796477956","0.011342155009451797","Random Forest","SMOTE","Best First","0.875","0.06695361071257772","0.9330463892874223","0.125","0.13043478260869565","0.875","0.9388475410489399","0.21145257295716055"
"BOOK","5","71.42857142857143","0.035456801796477956","0.011342155009451797","Naive Bayes","No Sampling","No Selection","0.8333333333333334","0.062649450023912","0.937350549976088","0.16666666666666666","0.13245033112582782","0.8333333333333334","0.9616212338593975","0.21316313792276712"
"BOOK","5","71.42857142857143","0.035456801796477956","0.011342155009451797","Naive Bayes","No Sampling","Best First","0.7916666666666666","0.061453849832615974","0.9385461501673841","0.20833333333333334","0.1288135593220339","0.7916666666666666","0.9310188506296828","0.2060777325544611"
"BOOK","5","71.42857142857143","0.035456801796477956","0.011342155009451797","Naive Bayes","Oversampling","No Selection","0.8333333333333334","0.06551889048302248","0.9344811095169775","0.16666666666666666","0.12738853503184713","0.8333333333333334","0.9624382273234497","0.20535121869329287"
"BOOK","5","71.42857142857143","0.035456801796477956","0.011342155009451797","Naive Bayes","Oversampling","Best First","0.7916666666666666","0.0628885700621712","0.9371114299378288","0.20833333333333334","0.12624584717607973","0.7916666666666666","0.9500189303363622","0.20214816626524915"
"BOOK","5","71.42857142857143","0.035456801796477956","0.011342155009451797","Naive Bayes","Undersampling","No Selection","0.8333333333333334","0.06551889048302248","0.9344811095169775","0.16666666666666666","0.12738853503184713","0.8333333333333334","0.9624382273234497","0.20535121869329287"
"BOOK","5","71.42857142857143","0.035456801796477956","0.011342155009451797","Naive Bayes","Undersampling","Best First","0.7916666666666666","0.0628885700621712","0.9371114299378288","0.20833333333333334","0.12624584717607973","0.7916666666666666","0.95013599952176","0.20214816626524915"
"BOOK","5","71.42857142857143","0.035456801796477956","0.011342155009451797","Naive Bayes","SMOTE","No Selection","0.8333333333333334","0.06504065040650407","0.9349593495934959","0.16666666666666666","0.1282051282051282","0.8333333333333334","0.9614020404909931","0.20661715057393706"
"BOOK","5","71.42857142857143","0.035456801796477956","0.011342155009451797","Naive Bayes","SMOTE","Best First","0.7916666666666666","0.062649450023912","0.937350549976088","0.20833333333333334","0.12666666666666668","0.7916666666666666","0.930939143950263","0.2027937141431776"
"BOOK","5","71.42857142857143","0.035456801796477956","0.011342155009451797","IBK","No Sampling","No Selection","0.875","0.060736489717838356","0.9392635102821616","0.125","0.14189189189189189","0.875","0.9071317551410808","0.22913232177101966"
"BOOK","5","71.42857142857143","0.035456801796477956","0.011342155009451797","IBK","No Sampling","Best First","0.8333333333333334","0.06217120994739359","0.9378287900526064","0.16666666666666666","0.13333333333333333","0.8333333333333334","0.8522487246931293","0.21451733599401324"
"BOOK","5","71.42857142857143","0.035456801796477956","0.011342155009451797","IBK","Oversampling","No Selection","0.9583333333333334","0.07604017216642754","0.9239598278335724","0.041666666666666664","0.12637362637362637","0.9583333333333334","0.9414056272915671","0.20740876066274092"
"BOOK","5","71.42857142857143","0.035456801796477956","0.011342155009451797","IBK","Oversampling","Best First","0.875","0.06982305117168819","0.9301769488283118","0.125","0.12574850299401197","0.875","0.8650042842340188","0.204102043444989"
"BOOK","5","71.42857142857143","0.035456801796477956","0.011342155009451797","IBK","Undersampling","No Selection","0.9583333333333334","0.08273553323768532","0.9172644667623147","0.041666666666666664","0.11734693877551021","0.9583333333333334","0.937968276741591","0.19276934010686692"
"BOOK","5","71.42857142857143","0.035456801796477956","0.011342155009451797","IBK","Undersampling","Best First","0.875","0.07317073170731707","0.926829268292683","0.125","0.1206896551724138","0.875","0.8635023114937032","0.1960878908819786"
"BOOK","5","71.42857142857143","0.035456801796477956","0.011342155009451797","IBK","SMOTE","No Selection","0.875","0.060736489717838356","0.9392635102821616","0.125","0.14189189189189189","0.875","0.9071317551410808","0.22913232177101966"
"BOOK","5","71.42857142857143","0.035456801796477956","0.011342155009451797","IBK","SMOTE","Best First","0.8333333333333334","0.06217120994739359","0.9378287900526064","0.16666666666666666","0.13333333333333333","0.8333333333333334","0.8670118962219034","0.21451733599401324"
"BOOK","6","85.71428571428571","0.030635400907715583","0.021266540642722116","Random Forest","No Sampling","No Selection","0.3333333333333333","0.002898550724637681","0.9971014492753624","0.6666666666666666","0.7142857142857143","0.3333333333333333","0.9824369296833065","0.44705882352941023"
"BOOK","6","85.71428571428571","0.030635400907715583","0.021266540642722116","Random Forest","No Sampling","Best First","0.3111111111111111","0.0024154589371980675","0.9975845410628019","0.6888888888888889","0.7368421052631579","0.3111111111111111","0.903515834675255","0.43030303030303035"
"BOOK","6","85.71428571428571","0.030635400907715583","0.021266540642722116","Random Forest","Oversampling","No Selection","0.9777777777777777","0.0893719806763285","0.9106280193236715","0.022222222222222223","0.19213973799126638","0.9777777777777777","0.9798336017176597","0.29613526570048293"
"BOOK","6","85.71428571428571","0.030635400907715583","0.021266540642722116","Random Forest","Oversampling","Best First","0.6444444444444445","0.04541062801932367","0.9545893719806763","0.35555555555555557","0.23577235772357724","0.6444444444444445","0.8064747718733226","0.3241830065359483"
"BOOK","6","85.71428571428571","0.030635400907715583","0.021266540642722116","Random Forest","Undersampling","No Selection","1.0","0.08405797101449275","0.9159420289855073","0.0","0.2054794520547945","1.0","0.9827375201288244","0.3167919799498745"
"BOOK","6","85.71428571428571","0.030635400907715583","0.021266540642722116","Random Forest","Undersampling","Best First","0.6555555555555556","0.042753623188405795","0.9572463768115942","0.34444444444444444","0.25","0.6555555555555556","0.8150429414922169","0.34168350168350176"
"BOOK","6","85.71428571428571","0.030635400907715583","0.021266540642722116","Random Forest","SMOTE","No Selection","0.35555555555555557","0.003381642512077295","0.9966183574879227","0.6444444444444445","0.6956521739130435","0.35555555555555557","0.9851422436929683","0.4628571428571418"
"BOOK","6","85.71428571428571","0.030635400907715583","0.021266540642722116","Random Forest","SMOTE","Best First","0.3111111111111111","0.0024154589371980675","0.9975845410628019","0.6888888888888889","0.7368421052631579","0.3111111111111111","0.8948148148148148","0.43030303030303035"
"BOOK","6","85.71428571428571","0.030635400907715583","0.021266540642722116","Naive Bayes","No Sampling","No Selection","0.8666666666666667","0.05314009661835749","0.9468599033816425","0.13333333333333333","0.26174496644295303","0.8666666666666667","0.9729414922168546","0.3818594104308394"
"BOOK","6","85.71428571428571","0.030635400907715583","0.021266540642722116","Naive Bayes","No Sampling","Best First","0.8666666666666667","0.04468599033816425","0.9553140096618358","0.13333333333333333","0.2965779467680608","0.8666666666666667","0.9667391304347827","0.42365390600684705"
"BOOK","6","85.71428571428571","0.030635400907715583","0.021266540642722116","Naive Bayes","Oversampling","No Selection","0.9333333333333333","0.06280193236714976","0.9371980676328503","0.06666666666666667","0.2441860465116279","0.9333333333333333","0.9718840579710145","0.3657026889903601"
"BOOK","6","85.71428571428571","0.030635400907715583","0.021266540642722116","Naive Bayes","Oversampling","Best First","0.9","0.049516908212560384","0.9504830917874396","0.1","0.28321678321678323","0.9","0.9764801395598497","0.41181286549707674"
"BOOK","6","85.71428571428571","0.030635400907715583","0.021266540642722116","Naive Bayes","Undersampling","No Selection","0.9111111111111111","0.06086956521739131","0.9391304347826087","0.08888888888888889","0.24550898203592814","0.9111111111111111","0.9718786902844874","0.3655244029075807"
"BOOK","6","85.71428571428571","0.030635400907715583","0.021266540642722116","Naive Bayes","Undersampling","Best First","0.8888888888888888","0.04855072463768116","0.9514492753623188","0.1111111111111111","0.2846975088967972","0.8888888888888888","0.9766841116478797","0.41232592592592576"
"BOOK","6","85.71428571428571","0.030635400907715583","0.021266540642722116","Naive Bayes","SMOTE","No Selection","0.8888888888888888","0.05507246376811594","0.9449275362318841","0.1111111111111111","0.2597402597402597","0.8888888888888888","0.9728126677402039","0.38164731896075177"
"BOOK","6","85.71428571428571","0.030635400907715583","0.021266540642722116","Naive Bayes","SMOTE","Best First","0.8777777777777778","0.04565217391304348","0.9543478260869566","0.12222222222222222","0.2947761194029851","0.8777777777777778","0.9669967793880837","0.4229588704726834"
"BOOK","6","85.71428571428571","0.030635400907715583","0.021266540642722116","IBK","No Sampling","No Selection","0.4","0.002898550724637681","0.9971014492753624","0.6","0.75","0.4","0.6985507246376812","0.5145539906103279"
"BOOK","6","85.71428571428571","0.030635400907715583","0.021266540642722116","IBK","No Sampling","Best First","0.32222222222222224","0.0036231884057971015","0.9963768115942029","0.6777777777777778","0.6590909090909091","0.32222222222222224","0.505330112721417","0.42479871175523215"
"BOOK","6","85.71428571428571","0.030635400907715583","0.021266540642722116","IBK","Oversampling","No Selection","0.8888888888888888","0.06956521739130435","0.9304347826086956","0.1111111111111111","0.21739130434782608","0.8888888888888888","0.9081213097155126","0.32631072631072633"
"BOOK","6","85.71428571428571","0.030635400907715583","0.021266540642722116","IBK","Oversampling","Best First","0.5666666666666667","0.03695652173913044","0.9630434782608696","0.43333333333333335","0.25","0.5666666666666667","0.6076516371443907","0.3270693512304254"
"BOOK","6","85.71428571428571","0.030635400907715583","0.021266540642722116","IBK","Undersampling","No Selection","0.8888888888888888","0.07342995169082125","0.9265700483091788","0.1111111111111111","0.20833333333333334","0.8888888888888888","0.9085882984433709","0.31390051139005104"
"BOOK","6","85.71428571428571","0.030635400907715583","0.021266540642722116","IBK","Undersampling","Best First","0.5666666666666667","0.03888888888888889","0.9611111111111111","0.43333333333333335","0.24056603773584906","0.5666666666666667","0.6077683843263554","0.31735657225853386"
"BOOK","6","85.71428571428571","0.030635400907715583","0.021266540642722116","IBK","SMOTE","No Selection","0.4","0.002898550724637681","0.9971014492753624","0.6","0.75","0.4","0.6985507246376812","0.5145539906103279"
"BOOK","6","85.71428571428571","0.030635400907715583","0.021266540642722116","IBK","SMOTE","Best First","0.32222222222222224","0.0036231884057971015","0.9963768115942029","0.6777777777777778","0.6590909090909091","0.32222222222222224","0.5904468599033816","0.42479871175523215"
